program_ID,program_name,response_date,signal_number,Asking/Defining Problems,Making Observations,Generate data,data Modeling,"Interpreting, Communicate finding",Any Work With Data,Sum Work With Data,Qualitative Coding,Initials,Josh notes
1,Boston - Dorchester House,2015-07-14,1,0,0,1,0,1,1,2,,,
1,Boston - Dorchester House,2015-07-14,2,,,,,,0,0,,,
1,Boston - Dorchester House,2015-07-14,3,,,,,,0,0,,,
1,Boston - Dorchester House,2015-07-14,4,1,0,1,1,1,1,4,,,
1,Boston - Dorchester House,2015-07-15,1,0,0,1,0,1,1,2,,,
1,Boston - Dorchester House,2015-07-15,2,0,0,0,0,0,0,0,,,
1,Boston - Dorchester House,2015-07-15,3,0,0,0,0,0,0,0,,,
1,Boston - Dorchester House,2015-07-15,4,0,0,0,0,0,0,0,,,
1,Boston - Dorchester House,2015-07-21,1,0,0,1,0,0,1,1,,,
1,Boston - Dorchester House,2015-07-21,2,0,1,1,0,0,1,2,,,
1,Boston - Dorchester House,2015-07-21,3,1,0,0,1,0,1,2,,,
1,Boston - Dorchester House,2015-07-21,4,1,0,1,0,1,1,3,,,
1,Boston - Dorchester House,2015-07-22,1,0,0,1,1,1,1,3,,,
1,Boston - Dorchester House,2015-07-22,2,0,0,1,0,1,1,2,,,
1,Boston - Dorchester House,2015-07-22,3,0,0,1,0,0,1,1,,,
1,Boston - Dorchester House,2015-07-22,4,0,0,1,0,0,1,1,,,
1,Boston - Dorchester House,2015-07-28,1,1,0,0,0,0,1,1,,,
1,Boston - Dorchester House,2015-07-28,2,0,0,0,0,0,0,0,,,
1,Boston - Dorchester House,2015-07-28,3,0,0,0,1,0,1,1,,,
1,Boston - Dorchester House,2015-07-28,4,0,0,1,0,0,1,1,,,
1,Boston - Dorchester House,2015-07-29,1,0,0,1,0,1,1,2,,,
1,Boston - Dorchester House,2015-07-29,2,0,0,0,0,0,0,0,,,
1,Boston - Dorchester House,2015-07-29,3,0,0,1,0,0,1,1,,,
1,Boston - Dorchester House,2015-07-29,4,0,1,0,0,0,1,1,,,
2,Boston - Mathpower,2015-07-14,1,1,0,1,0,1,1,3,,,
2,Boston - Mathpower,2015-07-14,2,1,0,1,1,1,1,4,,,
2,Boston - Mathpower,2015-07-14,3,1,0,1,1,1,1,4,,,
2,Boston - Mathpower,2015-07-14,4,1,0,1,1,1,1,4,,,
2,Boston - Mathpower,2015-07-16,1,0,0,0,0,0,0,0,,,
2,Boston - Mathpower,2015-07-16,2,1,0,1,0,1,1,3,,,
2,Boston - Mathpower,2015-07-16,3,1,1,1,1,1,1,5,,,
2,Boston - Mathpower,2015-07-16,4,1,1,1,1,1,1,5,,,
2,Boston - Mathpower,2015-07-21,1,0,0,0,0,0,0,0,,,
2,Boston - Mathpower,2015-07-21,2,0,0,0,0,1,1,1,,,
2,Boston - Mathpower,2015-07-21,3,0,0,0,0,0,0,0,,,
2,Boston - Mathpower,2015-07-21,4,0,0,0,0,0,0,0,,,
2,Boston - Mathpower,2015-07-23,1,1,0,1,1,1,1,4,,,
2,Boston - Mathpower,2015-07-23,2,1,0,0,1,1,1,3,,,
2,Boston - Mathpower,2015-07-23,3,1,1,1,1,1,1,5,,,
2,Boston - Mathpower,2015-07-23,4,1,1,1,1,1,1,5,,,
2,Boston - Mathpower,2015-07-28,1,1,1,0,0,0,1,2,,,
2,Boston - Mathpower,2015-07-28,2,1,1,1,0,1,1,4,,,
2,Boston - Mathpower,2015-07-28,3,1,0,0,1,1,1,3,,,
2,Boston - Mathpower,2015-07-28,4,0,1,1,1,1,1,4,,,
2,Boston - Mathpower,2015-07-30,1,0,0,0,0,1,1,1,,,
2,Boston - Mathpower,2015-07-30,2,0,0,0,0,0,0,0,,,
2,Boston - Mathpower,2015-07-30,3,0,0,1,0,1,1,2,,,
2,Boston - Mathpower,2015-07-30,4,0,0,0,0,1,1,1,,,
4,6th Math (Sociedad - 02_Seg),2015-07-20,1,0,0,1,0,0,1,1,"- Students iin classroom watching a video on cape cod
- Talking about profits and losses... giving the students the equation
- Giving an example on the projector... giving an implication example... tells students what they have to find and how to do it.
- Students and teacher walk through an example division and percenteage problem on a piece of paper generate data",KS,
4,6th Math (Sociedad - 02_Seg),2015-07-20,2,0,0,1,0,0,1,1,"- Working through an example probelm 
- walks students through the problem individually generate data
-""these are typical 6th grade pack questions""
- Goes through the problem with entire class on white board",KS,
4,7th Math (Sociedad 2 - 01_Seg),2015-07-20,1,0,0,1,0,0,1,1,"- students quietly and individually work in addition  worksheets that include decimal places generate data
- Teacher walks around an asks the students individually if they have any questions
- teacher is helping student solve a few problems and she asks him t o walk her through it... ex: whats our last step?
",,
4,7th Math (Sociedad 2 - 01_Seg),2015-07-20,2,1,1,1,0,0,1,3,"- Studentds working silently again on their own individual worksheets Generate data
- teacher explains how to subract a smaller number fom a larger number to one students
- One student is stuck and the teacher helps talk through the problem 
- teacher is mostly asking the students questions about their work and theyu respond based off of what she asks them
- Teacher writes out a problem for a student while the student watches (comapre and contrasts) Make observations",,
4,8th Math (Sociedad - 01_Seg),2015-07-20,1,1,1,1,0,0,1,3,"- Students work in groups to come up with the right answer on a workksheet generate data
- Teacher compare the skills to what it takes to run a successful business
- Students ask teacher for help on how to solve a problem asking/defining problems",KS,
4,Dance (Sociedad2 - 02_Seg),2015-07-20,2,0,0,0,0,0,0,0,,,
4,Robotics (Sociedad - 03_Seg),2015-07-20,1,1,0,1,1,0,1,3,"- In the classroom looking at posters/mats with maps on them... on the floor with cars, wires and laptopo computers
- Have small robotic cars... working with wires... using USB's using a computer program to download and run something generate data and data modeling
- It's a race... get the car from the blue square to the red square
- Students say its only doing X... teacher responds Asking/defining problems... making observations
- One student is assigned the task of programer the other places robot in correct orientation",KS,
4,Robotics (Sociedad - 03_Seg),2015-07-20,2,1,1,1,1,1,1,5,"- Talking about what it takes to make a good leader and how it impacts the job
- Students working with the cars to go from point A to point B... one group trys a bluetooth function
- Students figure out what is different in the program from last time to this time and problem solve on what needs to be added to the code or deleted or altered generate data and data modeling and making observations and asking and defining problems... this was being done as a discussion between partners and teacher interpreting, communicate findings
- Teacher presses students to reason WHY and gives continous encouragement ",KS,
4,6th Math (Sociedad - 02_Seg),2015-07-22,1,0,0,0,0,0,0,0,,,
4,6th Math (Sociedad - 02_Seg),2015-07-22,2,0,0,0,0,0,0,0,,,
4,7th Math (Sociedad 2 - 01_Seg),2015-07-22,1,0,1,0,0,1,1,2,"- Working with fractions on the white board students are engaged and answering questions and asking questions and responding to whether or not they understand the information making observations, asking/defining problems
",,
4,7th Math (Sociedad 2 - 01_Seg),2015-07-22,2,0,0,0,0,1,1,1,,,
4,8th Math (Sociedad - 01_Seg),2015-07-22,1,0,0,0,1,0,1,1,"- Watching a Shark Tank episode where an 11 yr. old is the business owner of ties Mkaing observasions
- Teacher asks students wether or not they would invest in the company based off of what he just said
- talking to students about where to invest their money... and what that meanas Interpreting, communicating findings",KS,
4,8th Math (Sociedad - 01_Seg),2015-07-22,2,0,0,0,0,0,0,0,,,
4,Dance (Sociedad2 - 02_Seg),2015-07-22,1,,,,,,0,0,,,
4,Dance (Sociedad2 - 02_Seg),2015-07-22,2,,,,,,0,0,,,
4,Robotics (Sociedad - 03_Seg),2015-07-22,1,0,0,0,1,1,1,2,"- In the classroom all standing looking at a map (obstacle map for robotic car) on the front table
- Looking at a light sensor... teacher explains how it works
- Teacher walks through a previous example with student (they are fully engaged) ""did this work? No... this is what we're going to try this time""... students ""what about this, this or this"" Interpreting, communicating findings, making observations and asking and defining problems
- They are reasoning through the map and how to make a particular problem work... data modeling
- generating data... trial and error with degrees of rotation etc.",KS,
4,Robotics (Sociedad - 03_Seg),2015-07-22,2,0,0,1,1,1,1,3,"- Running programs on the projector as a class to test hypothesis and troubleshoot what is going right and what is going wrong. data modeling generating data
- answering teachers fill in the blank question about what they just observed by reasoning through and answering/defining problems
- Students interpret and communicate findings with their group members to get the car to do what they want
-Students still split into groups... program vs. engineer",KS,
4,6th Math (Sociedad - 02_Seg),2015-07-27,1,0,0,1,0,1,1,2,"- Students have coins on their desk.. Role Play: they are accountants-->  talking about savings, 10% of a total generate data
- Students trying to figure out what half of 5 is... whats half of 50 cents? Students struggled Asking/defining problems
- Teacher is helping students individually (some students are getting frusterated with lack of help/attention)
-  Students cannot divide odd numbers
- Teacher takes away a ruler that students were missusing 
- taxes will come later students are just using the net value right now",KS,
4,6th Math (Sociedad - 02_Seg),2015-07-27,2,1,0,1,0,1,1,3,"- Students have a set number and are working oon taking percentages away from that total generate data
- Teacher is still helping individual students work through problems... it seems like they are working through a budget
- Students arew not really listening to the teacher some are drawing others just walk away
- when you take out the zeros can you end up with a 2 digit numer? asking/defining problems
- Students may be doing work but are not recording it... some students are not even trying",KS,
4,7th Math (Sociedad 2 - 01_Seg),2015-07-27,1,1,0,1,0,1,1,3,"- Teacher working through percent problems on the board asking for students participation, ex: ""okay how did you do that"" and fill in the blank method interpret, communicate finding
- Students work individually on paper worksheets generate data
- Students ask a teacher a question
- Teacher works through a problem with the teacher one on one on a blank sheet of paper
",KS,
4,7th Math (Sociedad 2 - 01_Seg),2015-07-27,2,1,1,1,1,1,1,5,"- Students play an online game as a class split up boys vs. girls... it projects a problem and gives multiple choice answers Interpreting and communicating findings
- Students have to solve the problems generating data",KS,
4,8th Math (Sociedad - 01_Seg),2015-07-27,1,1,1,0,1,0,1,3,"- Students have created a product and are coming up with values that they will sell it for interpret and communicate findings
- Talking about basketball players and wether or not a student is actually good at playing
- talking about making a profit... just the teacher the students are not involved in the conversation",KS,
4,8th Math (Sociedad - 01_Seg),2015-07-27,2,1,1,0,0,0,1,2,"- Talking about sportsclothing stores- what makes them a good store vs. bad store as a consumer Interpreting, communicating finding
- Good vs. bad grocery stores
- Good vs. Bad restaurants",KS,
4,Dance (Sociedad2 - 02_Seg),2015-07-27,1,1,0,1,1,1,1,4,"- ""teach me Tuesday"" where the students teach the teacher something she doesn't know ex: yellow watermellon Interpreting, communicating findings
- They're not dancing today because the students voiced their oppinion last class and the teacher listened today they are doing a numberline generate data
- now using arms and legs and combining arms to make numberlines data modeling",KS,
4,Dance (Sociedad2 - 02_Seg),2015-07-27,2,1,0,1,1,1,1,4,"- Watching a YouTube video of a voice over writtenout explaination on how to write 7/8 as a decimal making observations
- student does a sample problem on the board generate data
- student asks teacher for help",KS,
4,Robotics (Sociedad - 03_Seg),2015-07-27,1,1,0,0,1,1,1,3,"- asks students to turn to page 77 and work on building something data modeling
- student asks teacher a question on how to build/model something asking/defining problems
- generate data working on writing a program on the main projector
- Students describe how they work through a problem interpreting, communicate finding
- Students use touch sensors now in addition to color and light sensors",KS,
4,Robotics (Sociedad - 03_Seg),2015-07-27,2,1,0,0,1,1,1,3,"- Students are working with pieces on their car and seeing how it affects the cars performance interpreting, communicating findings
- trial snd error students come up with suggestions and try the program and design again making observations generate data and data modeling
- Student ""lets try it against the wall"" ""Was it not connected as well"" asking/defining problems
- Students and teacher work together to make sure the right sensor is activated",KS,
4,6th Math (Sociedad - 02_Seg),2015-07-29,1,1,0,0,0,0,1,1,"- Do you any of you know what effervecence is?... how many of you have drank coke- teacher
- One student just walked out of the room- I don't think the teacher noticed
- How many of you know what the international space station is?- teacher
- They ran an experiment when a liquid and alkaseltzer are combined in 0 gravity
- watching a video on the experiment (happened about a month ago) student- now were getting some where
- students all ask can i get water, can i wash my hands, can i get water, can i go to the bathroom- teacher ""real fast""
- teacher asks what happens when the two are combined-  students generate answers (aka hypothesis) asking/defining problems
- Passing out cards with professions on them... each student gets assigned a different profession and creats a budget based off of how much income they recieve each year data modeling",KS,
4,6th Math (Sociedad - 02_Seg),2015-07-29,2,0,0,1,1,0,1,2,"- talking about how many is ""a couple"" relates it to eating pizza "" if i say you can have a couple and only give you one will you be okay with that?""
- Working through a budget generating data and data modeling
- Students ask about the percentage for charity and other percentages asking/defining problems
-teacher individually helps a student work through a problem
- once they are done they go to a station such as ""clothing""
- Students will recieve candy if they behave and are good in class",KS,
4,7th Math (Sociedad 2 - 01_Seg),2015-07-29,1,0,0,0,0,0,0,0,,,
4,7th Math (Sociedad 2 - 01_Seg),2015-07-29,2,0,0,0,0,0,0,0,,,
4,8th Math (Sociedad - 01_Seg),2015-07-29,1,0,0,0,0,0,0,0,"- Students are coming up a list where we get our products from... students reason through why generate data - Branding ""Jordans"" - Watch a video on the manufacturing of Nike making observations -Students began to discuss observations made in the video interpreting, communicating findings",KS,
4,8th Math (Sociedad - 01_Seg),2015-07-29,2,0,0,0,0,0,0,0,"- Watching a video on air Jordans observations
- Jordan himself is a brand students watch an interview with him and Nike CEO
- Discussion on the observations interpreting, communicating findings",KS,
4,Dance (Sociedad2 - 02_Seg),2015-07-29,1,0,0,0,0,0,0,0,,,
4,Dance (Sociedad2 - 02_Seg),2015-07-29,2,0,0,0,0,0,0,0,,,
4,Robotics (Sociedad - 03_Seg),2015-07-29,1,0,0,0,0,0,0,0,,,
4,Robotics (Sociedad - 03_Seg),2015-07-29,2,1,0,1,1,1,1,4,"- Students and teacher work on building the robotic car in a new way and what the new cars functions will do data modeling
- Students observe directions on how to build a car (directions)
- When the student is working with a student one on one the student comes up with ways or possible solutions to fix a problem asking/defining problems
- teacher ""can't should never be in your vocabulary it should be replaced with I'm not understanding how to do this""",KS,
4,6th Math (Sociedad - 02_Seg),2015-08-03,1,1,1,1,0,0,1,3,"- students are working through a real life sdtory problem that deals with figuring out how much eqach egg was sold for individually if they know the grand total. Generating data
- The students are extremely distracted and are not paying attention to the teacher... keep asking to wash hands and touch hair and talking amoungsdt one another
- Students are sitting in desks weatching the teacher solve a problem on the board Making observations
- Students now watch a video interview on a football player discussing his passion for both football and mathematics and why both are great in their own unique ways
",KS,
4,6th Math (Sociedad - 02_Seg),2015-08-03,2,1,1,1,0,0,1,3,"- A student works througha problem on the white board 
- Student ""can you just give us the answer?"" teacher ""yes, but I have to show you how first""
- Asks a student to move and he refuses so teacher goes with it, another girl complains ""how come I had to move and he does'nt? 
- Working through a cost price question on the white board as a class.. it is mostly just the teacher Generate data 
",KS,
4,8th Math (Sociedad - 01_Seg),2015-08-03,1,0,0,1,0,0,1,1,"- As a society we look at personal happiness over practicallity... children living in poverty as a comparison
- Brainstorming final projects.. coming up with 2-3 ideas on post it note paper generate data",KS,
4,8th Math (Sociedad - 01_Seg),2015-08-03,2,0,1,1,0,1,1,3,"- Brainstorming companies they want to look into further generate data
- Students share their ideas on what compny owns what brands Interpret, communicate finding
- Shows how to investigate companies on the web... they only show you the good side of the company make observations",KS,
4,Dance (Sociedad2 - 02_Seg),2015-08-03,1,0,0,0,0,0,0,0,"- Looking at a chart of Zodiac signs and figuring out which one the students are
- drawing zodiac signs on graph paper
- Googling what Virgo is/symbol
- they arrange themselves into a circle based off of what their zodiac symbol is... this is set up to play musical chairs",KS,
4,Dance (Sociedad2 - 02_Seg),2015-08-03,2,0,0,0,0,0,0,0,"- looks like they are stretching
- they did push ups, hand stands, splits and other skill building activities
- Each student is making up their own individual dance based off of their zodiac sign and then they will combine all of them into one  dance when they come together",KS,
4,Robotics (Sociedad - 03_Seg),2015-08-03,1,0,0,0,1,1,1,2,"- Students getting their robotic cars and laptops back from last week
- Students observe different types of robots they can build a spider a snake a walking one, one that has arms and can pick things up etc. replicate and model the design",KS,
4,Robotics (Sociedad - 03_Seg),2015-08-03,2,0,0,1,1,1,1,3,"- Piecing a new robot together based off of the design the team chose off of the LEGO website data modeling, making observations
- student: ""how can it see"" Asking/defining problems
- Students working on keeping their ares organized
- Students try to find pieces they need to build their model",KS,
4,6th Math (Sociedad - 02_Seg),2015-08-05,1,1,0,0,0,1,1,2,,KS,
4,6th Math (Sociedad - 02_Seg),2015-08-05,2,0,0,0,0,1,1,1,"- Teacher writes problems on the board and asks students to solve them on individual pieces of paper
- a student goes up to the board to solve a profit vs. loss problem
- teacher aska students questions and they respond with their answers
-generate data, ask/define problems
",KS,
4,7th Math (Sociedad 2 - 01_Seg),2015-08-05,1,0,0,0,0,0,0,0,"- playing a game online as a class... buying groceries looking at the total cost, how money is spent (home improvments/fixes, college, child's feild trip, paying bills) and how to budget
- Students come up with a concensus to decide on the answer they want to chose
- generate data, interpret, communicate data calculating costs
- data modeling- showing how math is applicable in real life
- the computer game shows statisics for the US population",KS,
4,7th Math (Sociedad 2 - 01_Seg),2015-08-05,2,0,0,0,0,0,0,0,"- Playing a game online looks like Jeopardy boys vs. girls
-  they have to solve math problems generating data, interpret, communicate data",KS,
4,8th Math (Sociedad - 01_Seg),2015-08-05,2,0,0,1,0,0,1,1,"- Talking about who is on the board of directors gender and race... reasoning why interpreting and communicating findings
- conducting research generating data
- Students are taking the information they find and putting it into paragraph form
- Talking about finding more information outside of the company's own website looking for complaints filed against the company
- Be able to present the information as if you were presenting it to the Shark Tank- Teacher",KS,
4,Dance (Sociedad2 - 02_Seg),2015-08-05,1,0,0,0,0,0,0,0,"- Working a break dancing move, working on a line dance... coreographing
- Planning coustumes and what projects they weill share with the group when they perform",KS,
4,Dance (Sociedad2 - 02_Seg),2015-08-05,2,0,0,0,0,0,0,0,"-working throgh a dance using shapes to mark motion
- using counts (8) to hit timing and possibly half counts... fractions data modeling
-They watched Michael Jackson videos to come up with moves they want to include in their dance",KS,
4,Robotics (Sociedad - 03_Seg),2015-08-05,1,0,0,0,0,0,0,0,"- Students are still building model robots data modeling
- One student is working with the teacher on the laptop
- Most students are still working in their individual groups",KS,
4,Robotics (Sociedad - 03_Seg),2015-08-05,2,0,0,0,0,0,0,0,"- Students are still building their model robots data modeling
- Finding the necessary pieces to build the robot
- Teacher works with one student to put together his chosen model robot
- Student follows along with a visual to put together a robot making observations 
- ",KS,
5,Boston - Thompson Island,2015-07-14,1,0,0,0,0,0,0,0,"- In classroom working through multiple food chains.. teacher writing on the white board, students ask for help when writing down on paper
- Teacher works one on one with one students to work through what a food chain looks like model
- Most students are on the phones, one is sleeping... not much engagement
- Student, do you want me to draw sun? teacher yes. The teacher is showing exactly what to do, the students are not critically thinking or reasoning. the questions are surface level
- Students take a survey
- Classroom looks very small compared to other programs
- Teacher passes out a worksheet/diagram to every student
- Students were allowed to write or draw producers etc. student: "" so just copy it off of the wall!""
- There is a feild guide for students to look up what particular consumers eat
- Teacher asks a student to remember back to a previous observation on what she saw attack a crab (bird)
- A park ranger comes in to discuss what eats what and who eats what",KS,
5,Boston - Thompson Island,2015-07-14,2,0,1,1,0,1,1,3,"- Students are sharing their ideas in the small group communicating 
-  Students look like they are in a bigger classroom now (lab)
- teacher asks a question... she presses for further understanding and provides a little information
- Students work in a group to come up with an agreement (looking for patterns) observations?
- Students are distracted by their phones
- Now students are asked to take a survey
-The group work consisted of organizing peices of paper into a food chain. 
",KS,
5,Boston - Thompson Island,2015-07-14,3,0,1,1,1,0,1,3,"- Student outside talking with Ranger on the island
- Students are circled up while ranger describes to them where the channel is and the direction in which the water is moving, students make hypotheses based off of what they can observe, asking/defining
- On a salt marsh... some plants and animals can tolerateit, others cannot
- Students don't want to take a survey... teacher explains why it's important 
- The paper says its ESM signal 2...
-I  don't see any examples of modeling ",KS,
5,Boston - Thompson Island,2015-07-14,4,0,1,1,0,0,1,2,"- Student- look what I found!... shrimp 
- Students using nets to collect and observe specimens
- Doing surveys and in the process of switching stations
",KS,
5,Boston - Thompson Island,2015-07-14,5,0,1,1,0,1,1,3,"- Still in 3 groups collecting specimens and making observations
- Found some peat, student asks what that is
- It says ESM signal 4
- While students take the survey the ranger helps collect nets etc.
",KS,
5,Boston - Thompson Island,2015-07-16,1,0,0,0,0,1,1,1,"- In classroom teacher is asking students to listen and stay on task
- teacher asks students if they think they organized it in the proper order and they communicate their reasoning with their tabel mates
- students are working in small groups to model a food web
",KS,
5,Boston - Thompson Island,2015-07-16,2,1,0,0,0,0,1,1,"- Outside at a long table working with papers
- student reads from the article to the entire group
- students share their ideas on the passage they just read in the small group communicate
- Teacher helps elaborate on what was just read
",KS,
5,Boston - Thompson Island,2015-07-16,3,0,0,0,0,0,0,0,"- In a parkinglot waiting for students to follow instructions
- Students take survey in a grassy area
- walking to the meadow... they will look for organisms once there",KS,
5,Boston - Thompson Island,2015-07-16,4,0,0,1,0,1,1,2,"- Students have a ball as a way to randomize the cross sections they sample from? maybe? 
- Student: not to be disrespectful but this science camp is like school all over again
- Make a log (generating data) of the types and the amount of species found
-Students make observations about what they collect
- Students discuss what they think they found with their classmates and by refrencing the field guide (communicate)
-It said ESM 3",KS,
5,Boston - Thompson Island,2015-07-16,5,,,,,,0,0,NO VIDEO,KS,
5,Boston - Thompson Island,2015-07-21,1,1,0,0,1,1,1,3,"This date and the video date does not match (7-21 vs. 7-22)... I used the 7-22 videos
- Teacher is asking students to gove examples of adaptations... one student records on board
- Asks students to give himattentions (eyes and ears) 
- Teacher reads a story... A Rabbits Choice
- A is correct stand up, B is correct stay sitting. Students make a choice in order to survive data modeling & defining problems, maybe interpret findings but students are not paying attention to the choices of others and the rabbits that are suppose to die are continuing to participate and make decisions (this is confusing and may not be getting the point across)... the students do not discuss anything the activity is done mostly in silence and sometime I feel like they just stood or sat depending on what their friends/classmates were doing.",KS,
5,Boston - Thompson Island,2015-07-21,2,0,0,1,1,0,1,2,"This date and the video date does not match (7-21 vs. 7-22)... I used the 7-22 videos
- Students draw one vocab word on a piece of paper from container and have to give one word clue to get team to guess what it is... tallys aer kept on the board
- The teams are competing against one another in a game like charades
- Data modeling and generate data- maybe with the tallys on the board but it is not transferred into a graph so I don't really agree with this code",KS,
5,Boston - Thompson Island,2015-07-21,3,1,1,1,1,1,1,5,"This date and the video date does not match (7-21 vs. 7-22)... I used the 7-22 videos
- Outside in a grassy area with the ranger, boundaries for exploration were given
- Clipboaards are being passed out and directions are being given
- Ranger is showing and explaining tools to use in the field observe?? 
- Explaining where to record information on a chart
- Students asks ""what if we suck up a new species"" asking
- Rangers asks what do you think X means/is/etc. students respond with their thoughts
- Ranger demonstrates how to use a bug net.",KS,
5,Boston - Thompson Island,2015-07-21,4,1,1,1,1,1,1,5,"This date and the video date does not match (7-21 vs. 7-22)... I used the 7-22 videos
- Ranger asks for a student to help collect insects generate data
- Student finds insect, ranger asks how many legs it has
- Ranger: remember spiders are not insects
- Student asks: could students have 8 legs on one side? asking
- Look for evidence- what do you see... student- holes
- Student brings up the woodpecker
- Students have sheets to identify what insects they captured observations",KS,
5,Boston - Thompson Island,2015-07-21,5,,,,,,0,0,NO VIDEO,KS,
5,Boston - Thompson Island,2015-07-23,1,0,1,0,0,1,1,2,"- Teacher asking what is inherited... with reference to adaptation
- student- ""Midgit... how does that work?"" asking
- Introducing punnett square... student explains what it is prior
- What if both parents dont have blue eye but the child does... does that mean there was an affair?
- 4 groups- vocab charades/ catchphrase game",KS,
5,Boston - Thompson Island,2015-07-23,2,1,1,0,0,0,1,2,"- Outside reading an article- some independently and some in a small group with a teacher
-  Teacher asks what an adaptaion can be... phsysical (structure), or beahavioral
-Student- what's a cardnial? Asking
- talking about different ways to capture thut prey
- Student now reads a portion of the article. 
- How animal's adaptation directly relates to the habitat.",KS,
5,Boston - Thompson Island,2015-07-23,3,0,0,1,0,0,1,1,"- Outside in a muddy area with a ball (maybe to denote sample sections)
- Using a feild giude to survey an area
- Teacher asks a student ""how can you tell it is detrirus?""- pressing for evidence-based reasoning observations
- teacher asks a question to get students thinking about the habbitat they are exploring... asking questions but students are not responding
- Students found 2 crabs and some tadpols teacher asks students to make sure they are recording the data generate data",KS,
5,Boston - Thompson Island,2015-07-23,4,0,0,1,0,0,1,1,"- Outside at muddy/bog area still workin gon surveys
- There's a whole pond of detritis over there observing
- walking around squishy mud and laughing when sinking in
- looking for organisms (mostly playing in the mud)",KS,
5,Boston - Thompson Island,2015-07-28,1,0,0,1,0,0,1,1,"- In the classroom working on a paper/book (dedication and cover page)
- Students are mostly doing illustrations and writing dedications nothing relating to science right now
- Code= 0",KS,
5,Boston - Thompson Island,2015-07-28,2,0,0,0,0,1,1,1,"- In the lab, working on a paper project (the book)
- Making titles and dedications... specifically told not to start the actual writing portion 
- Looks like they are also making some illustrations
- Code= 0",KS,
5,Boston - Thompson Island,2015-07-28,3,1,0,1,1,1,1,4,"- Ranger asks students what sand is and they respond... they are in a circle outside of a building
- Ranger is explaining some typical organisms they may come across in the beach area
- Ranger asks who has seen wildflowers growing on the island in the past couple of weeks (goal: pick one flower and take a closer look to identify)
- Explains how algae (that they observed) may be used for bio fuels... student: like to get rid of fossil fuels? Asking
- Observing sumack flowers and the color change while on a water break... edible plant (this one is not poision) it was sour now its sweeter",KS,
5,Boston - Thompson Island,2015-07-28,4,1,1,0,0,0,1,2,"- On the beach Ranger is talking about a rock line where plants are growing vs. not and the reasons for this
- Students will using instruments to collect data generating, and observing by using feild guide
- While students are looking at the plants and shells they collected they are talking with the ranger asking questions about what they found and reasoning through
",KS,
5,Boston - Thompson Island,2015-07-28,5,0,1,0,0,0,1,1,"- On the beach by the rock line with Ranger
- Smelling flowers talking about the structure and purposes (can make jelly's) Observations
- Students are by the water collecting/generating data and organisms and plants
- Found a copper wire and other trash (asks student to come up with a project ""Beach Clean Up"") (somehow got into the water and washed up on shore student asked what it was",KS,
5,Boston - Thompson Island,2015-07-30,1,0,0,0,0,1,1,1,"- In the classroom... teacher makes a list of things that students should have completed or finishing up on the book they are writing asks them to include illustrations
- Provides resources for creaating book
- Students are drawing representations of data and the knowledge they recently learned... I think this is more data modeling and not Interpreting and and communicating... so far they haven't described what they've learned or interpreted any findings",KS,
5,Boston - Thompson Island,2015-07-30,2,0,0,0,0,0,0,0,"- In the lab working on the book again... this should be the same code as the last video.
- data modeling... making the biotic/abiotic factor chart... Interpreting and communicating (via. text) finding students compare a sandy beach to the shelly beach
- Also Labled ESM 1",KS,
5,Boston - Thompson Island,2015-07-30,3,0,0,0,0,0,0,0,,KS,
10,Providence -  RWP Zoo,2015-07-15,1,,,,,,0,0,,,
10,Providence -  RWP Zoo,2015-07-15,2,0,0,0,0,0,0,0,,,
10,Providence -  RWP Zoo,2015-07-15,3,0,0,0,0,0,0,0,,,
10,Providence -  RWP Zoo,2015-07-15,4,0,0,0,0,0,0,0,,,
10,Providence -  RWP Zoo,2015-07-16,1,0,0,0,0,0,0,0,,,
10,Providence -  RWP Zoo,2015-07-16,2,0,0,0,0,0,0,0,,,
10,Providence -  RWP Zoo,2015-07-16,3,0,0,1,1,1,1,3,,,
10,Providence -  RWP Zoo,2015-07-16,4,0,0,0,0,0,0,0,,,
10,Providence -  RWP Zoo,2015-07-22,1,0,0,0,0,0,0,0,,,
10,Providence -  RWP Zoo,2015-07-22,2,0,0,0,0,0,0,0,,,
10,Providence -  RWP Zoo,2015-07-22,3,0,0,0,0,0,0,0,,,
10,Providence -  RWP Zoo,2015-07-22,4,0,0,1,0,0,1,1,,,
10,Providence -  RWP Zoo,2015-07-23,1,0,0,0,1,0,1,1,,,
10,Providence -  RWP Zoo,2015-07-23,2,1,0,0,1,0,1,2,,,
10,Providence -  RWP Zoo,2015-07-23,3,0,0,0,0,0,0,0,,,
10,Providence -  RWP Zoo,2015-07-23,4,0,0,0,0,0,0,0,,,
10,Providence -  RWP Zoo,2015-07-28,1,0,0,0,0,0,0,0,,,
10,Providence -  RWP Zoo,2015-07-28,2,0,0,0,0,0,0,0,,,
10,Providence -  RWP Zoo,2015-07-28,3,0,1,0,0,1,1,2,,,
10,Providence -  RWP Zoo,2015-07-28,4,1,1,0,0,1,1,3,,,
10,Providence -  RWP Zoo,2015-07-29,1,1,0,0,0,1,1,2,,,
10,Providence -  RWP Zoo,2015-07-29,2,1,1,0,1,1,1,4,,,
10,Providence -  RWP Zoo,2015-07-29,3,1,0,0,0,0,1,1,,,
10,Providence -  RWP Zoo,2015-07-29,4,1,1,1,0,0,1,3,,,
6,Providence - Biomes,2015-07-13,1,1,0,1,0,1,1,3,"- Walking out to the water (bay?)
- Making observations about a bird they see (teacher is excited and fully engaged in converstations with her students)
- Teacher takes stinky dead animal (Horseshoe ray) out of plastic bag
- Student: there's a shoe in the water... Teacher: ooooh there's stuff inside it!
- Having a funeral for dead animal
- talking about the worms on his shoulder that lived on him (looked at under microscope)
- Student: I guessed it's gender
- Walk back to benches to do ESM signal
I did not see the students asking questions or generating data. They may have been communicating their findings when talking about the worms they found on the crabs shoulder or when they identified the crabs gender",KS,
6,Providence - Biomes,2015-07-13,2,1,1,0,0,1,1,3,"- In small group by the water Teacher talks about tides.... using dance (as a model of sun, moon, earth and tides) to show how they work Model
- They are rotating stations it looks like ones talking about horseshoe crabs seeking refuge in this area
- Students are reading individually the effect of the moon... teacher asks students what words they are using in the article and making a joke about attraction that the kids can relate to paparazzi and Harry Styles 
- All students are engaged
- Students are having full discussions with the teacher in small group, teacher continues to press for students inital ideas Communicate
- Other group is observing the exoskeleton of male and female horseshoe crabs
- Student asks how many times they come up to mate each year- teacher, that's a really good question we will research that when we get back to the classroom  Asking
- They are identifying the anatomy of the crab
- teacher uses some sort of model (can't see this only hear) to describe the position of earth moon and sun in relation to the tides
- During this small group discussion time they are eating snacks",KS,
6,Providence - Biomes,2015-07-13,3,1,0,0,0,0,1,1,"- At the water, student has a crab pinching his finger... teacher advises student to get a net and tray (explains pinching is a defense mechanism)
- 3 students in waders with net walking towards the shore
- teacher asks students participation immediately
- Students flipping rocks (make sure to put them back where they were)
- They are collecting different specimens (primarily crabs) and adding them to a tray, as they are collected the students are identifying what they are finding
- teacher OHHH we've got a bad shrimp, he's invasive...student what does that mean? teacher- you will learn in the classroom
- Teacher told student we are not killing animals we are observing them",KS,
6,Providence - Biomes,2015-07-13,4,1,0,0,0,0,1,1,"- Students and teachers are gathering materials(looks like they are packing up)
- teacher is instructing a student on how to be gentle with the animal... to ensure they are listening he asks for 3 concrete ways to handle animals with care
- One student found a flounder and the teacher was super excited
- Students were responsible for carrying back at least one peice of equipment
Asking was not present... observing would fit better when students were taught how to properly handle specimens and when looking at the flounder",KS,
6,Providence - Biomes,2015-07-14,1,1,1,1,1,0,1,4,"- Students are in the tiki hut classroom learning about chemicals and how much to add why and to where
- Using differnet chemicals (Nitrate and Ammonia) to test water pH
- Teacher explains that in science it is extreemly important to go step by step, and to go slow and read the chemical lables properly
- Students ask if their results are correct... teacher says it may be a little high(but does not say yes or no instead asks student to run another trial, there is no shame in repeating your work especially in science the teacher says) Asking, Observations
-The qualitative data they collect will be translated to quantitative when the water is treated to ensure the fish survive. Generate
No example of modeling",KS,
6,Providence - Biomes,2015-07-14,2,0,0,0,0,0,0,0,,,
6,Providence - Biomes,2015-07-14,3,1,0,0,0,0,1,1,"- Playing kickball in the gym
- Camp Cup Points 3rd place (competition with other camp programs)
- There is no science realted activities this should be coded as 0",KS,
6,Providence - Biomes,2015-07-14,4,1,1,1,1,1,1,5,"- Students make hypotheses, on what will happen when toxic chemicals are involved in a water flow Asking/defining
- Students are using a small scale model to display the effects on a larger scale
- Students build the mini model and add chemicals and water (heavy rain) to generate qaulitative data
- Students observe the effects
- Using their observations and origional hypothesis, students interpret their finding on the effect of chemicals and rain on an ecosystem
- Students were not clear on the instructions... spraying water in the wrong place
- I'm not sure the students are making the connection between what they are adding and how/why this occurs in nature... teacher breaks it down with the whole class they answer his questions as to how the model is realistic and relates to the bigger picture",KS,
6,Providence - Biomes,2015-07-20,1,,,,,,0,0,No video,,
6,Providence - Biomes,2015-07-20,2,1,1,0,0,0,1,2,"- Looks like they are on a feild trip at an aquarium... touching anim als in shallow petting ponds
- Teacher explains why fish follows shark (protection, and left over food)
- Students make observations through touching and watching the animals interact observations
- Students asks what kind of food is the shark being fed, and why one guppy is so big Asking
- Students are filling out a sheet of questions while on the trip
- Do they have teeth, yes explains the type and how they eat their food
- Students tend to flock towards the teacher that is very expressive and excited about the material... full of facts for every topic students may ask
- When teacher asks questions about structure function and behavior students use prior knowledge to interpret findings
- Students feed some fish and lobsters (they can taste with their feet... I'm pretty sure this is what the teacher said, crazyyy)",KS,
6,Providence - Biomes,2015-07-20,3,,,,,,,,"- Students are disecting an animal (shark) they ask what parts are what... reasoning why the sizes of organs are differnt than ours observing, Asking
- What is that green stuff? -From gull bladder
- They are describing how it feels, and smells and how the organs are connected, teacher asks for student reasoning Interpret, communicate finding
- ""I'm never going to be a surgeon""
- The shark may be considered a model?",KS,
6,Providence - Biomes,2015-07-20,4,1,1,1,1,1,1,5,No video (there are two Signal 3's... I coded the first one),,
6,Providence - Biomes,2015-07-21,1,1,1,1,0,0,1,3,"- Reporting scientific findings/instructions, using simple vocab
- Difference in repeating vs. understanding directions (teacher makes observations with eyes)
- ""wait what"" discussion from teacher to students on what they are doing wrong and why it is important to listen
- Managing paperwork, understand directions, being proficient in tasks... how to succeed as an adult
- I did not hear anything remotely related to sciecnce, the students were being lectured at/scolded for not listening to directions the first time through",KS,
6,Providence - Biomes,2015-07-21,2,1,0,1,1,1,1,4,"- Outside in a circle with a few students in the middle (one's the target one's the protector maybe?)
- Non STEM This should be coded as a 0",KS,
6,Providence - Biomes,2015-07-21,3,,,,,,,,"- Students are watching a movie about a reef I think... I can't hear anything Video does not have sound
- Coasta Rica and Shark Finning- the movie may be about this
- Should be coded as 0
",KS,
6,Providence - Biomes,2015-07-21,4,0,1,0,0,0,1,1,-No video,KS,
6,Providence - Biomes,2015-07-27,1,1,1,1,1,1,1,5,"- Students are explained hoe to play a predator prey game with momma and baby octopus... has to do with sensing danger (mom-> baby)
- Students head to hallway... 
- Teacher does anyone know how long an octopus lives for? - 1year (Mom will lay eggs and won't leave until they hatch (she starves to death and reaches end of life span) student answered this
- the game models how predators take the eggs and how likely it is for the mother to catch them Model
- Students observe strategies to steal octopus eggs and discuss why Interpret, and communicate findings
- Difficult when multiple attacks at once
- Talk about how when 1/2 the amount of eggs survive that is good and realistic odds generating data?
- When students ask how good the (momma octopus) student did at protecting her eggs, maybe asking to see if the game translates to real life",KS,
6,Providence - Biomes,2015-07-27,2,1,0,0,0,1,1,2,"- Back at the aquarium holding specimens and making observations
- how do you know if it's a girl?, is it poisonous?, what is the white thing?, asking
- Teacher asks a theoretical question students come up with answer based off of observations and prior knowledge Interpreting, communicating finding
- Teachers have a side discussion about 1 student's lack of engagement and possible behavior/depression concerns
",KS,
6,Providence - Biomes,2015-07-27,3,0,0,1,1,1,1,3,No video,KS,
6,Providence - Biomes,2015-07-27,4,0,1,0,0,0,1,1,"- Heading out of the aquarium (public has now come in)
- Got on the bus, headed back
- Had a discussion about something they did that was tough and they overcame it Interpreting, communicating findings
Did not code for observations b/c they are on a bus just talking",KS,
6,Providence - Biomes,2015-07-28,1,1,0,1,0,1,1,3,"- Teacher is scolding students again... he doesnt even the know the students' name
- His body lanuage is assertive hands on hips, loud drawn out voice
- watching a video on how to drawn a fibinochi (spelling) spiral
- Students are observing how a spiral is made out of boxes (incooperates math with the shape of a snail shell) Observe
- Emma is the leader and explains the spiral, she is asked what it represents, Interpret, communicate
- Teacher and students go through the math and the proportions and begin to create one Generate
The students never asked",KS,
6,Providence - Biomes,2015-07-28,2,1,0,1,0,1,1,3,"- In small groups the teacher explains the purpose of the spiral data modeling
- The one grumpy teacher walks away and says to other teacher ""I need to take a lap I'm going to fucking losing my mind""
- Students are working on their projects interpret and communicate findings
- Students are asking the teacher questions about their projects
- generate when teacher and students decide on the measuremnts for the spiral panels",KS,
6,Providence - Biomes,2015-07-28,3,0,1,1,0,1,1,3,"- students are working on their spiral model
- Student working on writing and teacher is correcting English for her, interpreting, communicating
-I don't believe the students are generating data at this point, they are synthesizing the datat they already have collected
- No observations are being made",KS,
6,Providence - Biomes,2015-07-28,4,0,0,1,1,1,1,3,"- students are working on their spiral model
- Students are communicating findings through making their projects
 -I don't believe the students are generating data at this point, they are synthesizing the data they already have collected
- Students are practicing a dance in the hallway",,
8,Providence - Crazy Machines,2015-07-13,1,0,0,0,0,0,0,0,,,
8,Providence - Crazy Machines,2015-07-13,2,0,0,1,0,1,1,2,"- In class- discussion on previous activity/lesson
- Graphing data talking about engineers Code: Generate
- Explaining the parts of a graph and walks through it together
- Students and teachers are interating working on how to display the data on a graph Code: communicate
",KS,
8,Providence - Crazy Machines,2015-07-13,3,1,0,1,1,1,1,4,"- In class- discussion on previous activity/lesson
- Graphing data talking about engineers Code: Generate
- Explaining the parts of a graph and walks through it together
- Students and teachers are interating working on how to display the data on a graph Code: communicate
",KS,
8,Providence - Crazy Machines,2015-07-13,4,1,0,1,1,1,1,4,"- Making observations about the stength of the wooden block Code: Observe
- While using a wedge students ask questions Code: Asking
- Each student gets a turn hammering the wedge
- Students and teacher discuss which wedge was easiest to use when splitting apart wood. Code: Communicate
Code: disagree with ""generate""and ""Model""",KS,
8,Providence - Crazy Machines,2015-07-14,1,,,,,,0,0,,,
8,Providence - Crazy Machines,2015-07-14,2,0,0,0,0,0,0,0,,,
8,Providence - Crazy Machines,2015-07-14,3,0,0,0,0,0,0,0,,,
8,Providence - Crazy Machines,2015-07-14,4,,,,,,0,0,,,
8,Providence - Crazy Machines,2015-07-20,1,0,0,0,0,0,0,0,,,
8,Providence - Crazy Machines,2015-07-20,2,,,,,,0,0,,,
8,Providence - Crazy Machines,2015-07-20,3,0,0,0,0,0,0,0,,,
8,Providence - Crazy Machines,2015-07-20,4,1,1,1,1,1,1,5,"- Students are building catapolts MODEL
- Some students are in the hall learning about levers- lots of vocab but sounds hands on 
- A few students are ASKING questions about how best to use their models
-Students are working together and COMMUNICATING on how to build
- Students are OBSERVING how their models are working
- Students are GENERATING data by trial and error and tweaking their models as needed
- They are building different models ",KS,
8,Providence - Crazy Machines,2015-07-21,1,0,0,0,0,0,0,0,,,
8,Providence - Crazy Machines,2015-07-21,2,1,0,0,0,1,1,2,"- Professional (astronaut?) sharing a presentation on how engineers, and physicist and astronomers work together
- Keeps childrens interest by using words like, blow stuff up, 3 story high gun
- shows children a 3D model (3D printer)
- Shows large Earth model that lights up to show the effects of tsunamis (caused by earthquakes and impacts)
- Shows different planets on the digital sphere... may lead to misconceptions in size
- Students are asking questions on topography
- Student: Doesn't rain acid on venus
-Student: Is there life on Mars?.... first need to check if conditions are habitable, and explains what that means
- Space debris- stuff we left in space or on the moon
- Student: Is it true that in the future humans will look different?",KS,
8,Providence - Crazy Machines,2015-07-21,3,1,1,1,0,1,1,4,"- I think the students have traveled to a space center, or museum (some eduactional center) same location as ESM2
- Student: what if you were swimming in the ocean? Would the sound and shock still kill you?
- Meteror shower, student: I'm going to write that date on my calendar! 
- Student: Why does the picture of Pluto look blurred?... technology sends info back in sections takes us a month to get the images
- Explains different roles within the feilds of astronomy, engineering, physics and geology etc.
-Shows a 3D model of New Horizons",KS,
8,Providence - Crazy Machines,2015-07-21,4,0,0,1,0,1,1,2,"- At a museum at BROWN talking about Eygption burrial practices looking at a artifact and showing digital pictures
- Used a CT scan to get sliced X-ray images of theinside of the artifact
- Examining a chunck of wall and took photos at different angles
- Talked about Hieroglyphics 
- That's where you're going!! Engineering at Brown University
- Walking on campus, standing around by the bus",KS,
8,Providence - Crazy Machines,2015-07-27,1,,,,,,0,0,,,
8,Providence - Crazy Machines,2015-07-27,2,1,1,1,1,1,1,5,"- In classroom working in small groups
- Drawing models
- William is shring what he saw at the skating rink (what simple machines)
- Josenia explains how a pully works for a mountain climber
- students explain what simple machine they saw at laser tag
- Showing a model of a wheel and axel theat students can then make themselves,
- Showing a model of a car that students can then make too
- Teachers pass out materials for either project... students get to choose what they want to make
- Students have to figure out how to make it on their own just by observing the models",KS,
8,Providence - Crazy Machines,2015-07-27,3,1,1,1,1,1,1,5,"- Building car and windmil models individually in groups while teachers walk around to help and give encouragement
- Questioning whether or not they are winding it too much and if it would make a differnece
- Semi bit of competition to see who's goes furthest (keeps students motivated)
- Some students were frusterated/ discouraged... the teachers provided ungoing support and asistance and encouragement
- Talking about the kids futures as engineers
- Students use trial and error to trouble shoot their projects",KS,
8,Providence - Crazy Machines,2015-07-27,4,1,1,1,1,1,1,5,"- Working on Rube Goldberg machines (transferring energy) marbels down an incline
- A student was stumped by her project but she altered something and it worked
- Videos were taken on teachers cell phone to record the Rube Goldberg machine working
- Students trouble shooted their projects and questioned why things were/were not working",KS,
8,Providence - Crazy Machines,2015-07-28,1,0,0,0,0,0,0,0,,,
8,Providence - Crazy Machines,2015-07-28,2,0,0,0,1,1,1,2,"- On a field trip, a competition that involves... making a car generated by wind power... teams of 3
- They will each go to a different station to work on a project
- Students ask questions and make observations in reference to their car projects
- Teachers walk around and help students figure out what their materials can be used for
- They communicate witht one another and teachers to create a wind-powered car",KS,
8,Providence - Crazy Machines,2015-07-28,3,0,0,0,1,1,1,2,"- Still on the field trip cleaning up the stations
- About to do a hoolahoop contest
- Teacher has to disapline students becasue they are running around and not following directions
- Teams of 3, whoever can keep the hoola hoop up the longest
- Asks students what simple machine they are (skrew)... explains that it's a cylinder with an incline plane wqrapped around it
- Ice cube race... ice cube on a spoon relay race",KS,
8,Providence - Crazy Machines,2015-07-28,4,0,0,0,0,0,0,0,,,
7,Providence - Down City Design,2015-07-09,1,0,0,0,0,0,0,0,,,
7,Providence - Down City Design,2015-07-09,2,1,1,1,1,1,1,5,"-  looking at pictures asking what trees can bring in a small group of 5 with teacher- obsereve
- Discussing shapes of how things were designed and reasoning through why they were designed that why- Asking
- Students are generating ideas of what to build- Generate
- Relating how things are built to the typical classroom setup where teacher is front and center, talking about what they do/do not like- Communitcate
- Discussing the impact they can have by designing spaces in their community",KS,
7,Providence - Down City Design,2015-07-09,3,0,1,0,0,1,1,2,"- In a work space (like a woodshop classroom or something)
- Handing out paper in the hallway a lot of disaplining and getting students into groups
- On the peieces of paper students will draw in 20s. the teachers pose- Observe",KS,
7,Providence - Down City Design,2015-07-09,4,0,0,0,0,0,0,0,,,
7,Providence - Down City Design,2015-07-15,1,1,1,1,1,1,1,5,"- Students are using glue and popsickle sticks to buuild a Model
- Students are assigned roles such as 'model maker'-  Communicate
- Talking about scales 1 popsickle stick =10 ft-  Asking
- Some students work on sketches and 
- All of the students want to be the builder... teacher helps come up with a schedule",KS,
7,Providence - Down City Design,2015-07-15,2,1,1,1,1,1,1,5,"- Students are building-  Models
- Students are-  Communicating with one another in order to come up with the building
- Students are reasoning through how to build something and sking their teammates to come up with the best design-  Asking
- It seems  the team roles are getting mixed for some teams and working well for others
",KS,
7,Providence - Down City Design,2015-07-15,3,1,1,1,1,1,1,5,"- One studet: ""this is just like school that's why nopne wants to be here"" teacher- offers a new activity to do in the hall
 thay don't want to they want to pplay basketball 
- Teacher takes the students to the gym to play basketball b/c they were not working
- Other students continue to build models, communicate, and ask questions in order to make a building
- They have all morphed into two large groups Observing  others models",KS,
7,Providence - Down City Design,2015-07-15,4,0,0,0,0,0,0,0,"- In the workshop playing somesort of relay race
- I think they are putting ideas on a sheet of paper after spinning in a circle
- Color coding red (craziest), Yellow (simplest), Green (most practical) 
- Students are not listening to directions instructors spend at least 5min. truing to gather them",KS,
7,Providence - Down City Design,2015-07-16,1,0,0,0,0,1,1,1,"- At a presentation talking about how shapes and designs of tables in a classroom vs. a conference table
- If you're in the front the teacher will catch you faster-  Communicating
- Students observe a 3D model 
- Teacher asked students for their input on the project. - asking",KS,
7,Providence - Down City Design,2015-07-16,2,0,0,0,0,1,1,1,"- looking at a tool and making observations 
- Asking  when are we going to use these? students then share their ideas with others Communicate",KS,
7,Providence - Down City Design,2015-07-16,3,0,0,1,0,0,1,1,"- In the presentation room listening to instructions and describing what the tools are and what they are used for
- looking at more tools making observations",KS,
7,Providence - Down City Design,2015-07-16,4,0,0,1,0,0,1,1,"- Students use tools to begin the building  by working with the tools and techniques they just learned- generate?
- Students observe  how the blade is used ",KS,
7,Providence - Down City Design,2015-07-22,1,0,0,1,0,1,1,2,"- In the classroom designing a T-shirt with markers and stencils
- Teacher is describing what the diameter is, student draws it on the board. 
- Students begin taking shovels in order to begin diggiing the circle for the meeting area
- Students start digging - generate?
- asking- student asked if there were any wires underneath and if it was safe to dig",KS,
7,Providence - Down City Design,2015-07-22,2,1,0,1,0,0,1,2,"-Students are digging holes outside of the school
- Students are measuring how deep the holes are (they have to be 3 ft)- asking
- In one of the holes there is a rock/stick blocking the way 
- Students are calulating how many inches in a foot and deciding how much more they need to dig- Generating
",KS,
7,Providence - Down City Design,2015-07-22,3,1,0,1,1,0,1,3,"-  Students are restarting a project becasue initially students did not follow instructions.
- They are in the classroom
- There are two team members who tell a messenger what to tell a builder and we have to see if the legos are built the way it is suppose to- Asking
- There is one student that is not following directions and the team is getting frusterated- Modeling",KS,
7,Providence - Down City Design,2015-07-22,4,1,0,1,0,0,1,2,"- Outside digging again
- Students are measuring how deep the hole is- Generate?
- Teacher asks student do you think it needs more/ less etc. student responds- Asking
- Students are picking up outside and getting ready to go to lunch",KS,
7,Providence - Down City Design,2015-07-23,1,0,0,1,0,0,1,1,"- In the wood workshop observing the measurements the students made and getting ready to cut
- Students practice their sawing skills
- Safety does not seem to be a  huge concern
- Students measure out the 2x4's",KS,
7,Providence - Down City Design,2015-07-23,2,0,0,1,0,0,1,1,"- Student make right angle measurements
- Students lable the 2x4's (C2)
- Students make cuts that are a little crooked and have to make corrections to their origional work.
- A piece of wood has been misplaced teacher and students are currently trying to find it, students reasoning through what they have cut and the purpose for that particular cut",KS,
7,Providence - Down City Design,2015-07-23,3,0,0,1,0,0,1,1,"- Students and teachers are organiziing the cut wood, they are leaving the wood workshop and bringing the cut wood with them
- Students and teachers are walking around the school to get toa bus with all of the building materials
- students are on the bus responding to the signal",KS,
7,Providence - Down City Design,2015-07-23,4,0,0,1,0,0,1,1,"- Students are digging holes for the pavilion
- Some students are sawing hollow tubes
- Students begin scooping dirt out of the holes
- They are trying to dig the holes deep enough to fit the holllow tubes inside",KS,
7,Providence - Down City Design,2015-07-29,1,0,0,0,0,0,0,0,"- Students and techers are playing in gym basketball, etc. 
- Playing a game they made up together",KS,
7,Providence - Down City Design,2015-07-29,2,1,0,1,1,1,1,4,"- Blank video.... only audio
-
-
-
-
-",KS,
7,Providence - Down City Design,2015-07-29,3,1,0,1,0,1,1,3,"- Students are using drills to put together the benches of the meeting area... looks about half way done
- Some students are helping measure and make markings with pencils
- They were shown how to clap and keep thing tight and when and where to drill the wood",KS,
7,Providence - Down City Design,2015-07-29,4,0,0,1,0,1,1,2,"- Students are finishing up the benches (some are using them to take a nap)
- Students are drilling wood to benches
- Some students are throwing things and off task
- The students were reminded to drill the skrews in straight",KS,
9,Providence - Explore the Bay,2015-07-09,1,0,0,0,0,0,0,0,"-Riding the bus solving a riddle 
- Instruction on non-science procedural task (the use of cell phones)
Code: 0",KS,
9,Providence - Explore the Bay,2015-07-09,2,0,0,0,0,0,0,0,"- Teacher asking questions, students respond
- Q: How is the Atlantic Ocean bringing the salt water into the bay? A: Student 1: There's a line between the bay and ocean and a littl ebit of salt gets into the bay Student 2: A river (I don't think the teacher hear this response)
- Low tide and High tide, the distance you have to walk on the beach to get to the water (discussion from teacher)
- Calls students by name while having an informal discussion
- Teacher: Another name for bay- introduces new vocab- Estuary: where the river meets the sea
- Teacher: What's a buffer (Salt marsh grass area)- describes how it's benificail to the ecosystem
- The teacher is super casual about the instruction, sits on groud while students stand gathered around her... calls on students by name and has more of a discussion rather than lesson
- Told a history lesson about The Great Hurricane of '38 that occured in their local community.. and why salt marshes are important during large storms
- Student asked- ""what was the biggest hurricane ever?"" A: The great hurricane of '38
- Gathering nets and wadders 
Code: Asking ",KS,
9,Providence - Explore the Bay,2015-07-09,3,0,1,1,0,0,1,2,"- Students using nets and buckets to strain water and to capture and identify types of species present in the environment- Possibly focusing on shrimp
- Teacher: ""That's fine you can still identify what kind of species it was"" 
- In a small group 2-4 students and 2 instrustors... Teacher: This is a common shore shrimp and their bodies are translucent, do you know what that means? Student: yes, see- through Code: Observing
- Looking at the stomach of a shrimp student asks: ""what do they eat"" after observing the color of the stomach Code: Asking
- Students excited about finding shrimp on their own
- Teacher brought along what appears to be identification cards for students to identify common species in that particular environment
- Teacher eats edible pant _pickle weed_ and asks students if they want to try it they say no, then a bunch of students try it and describe what it tastes like
Code: I do not agree with the code for ""generating""",KS,
9,Providence - Explore the Bay,2015-07-09,4,0,1,1,0,0,1,2,"- Student found a specimen, teachers have ID cards (guide) and are discussing what it could possibly be by identifying characteristics and the structure of the organism
- Teaher explains the role of the female slipper snail in a colony, student- how do they switch genders?
- teacher offers 100 sand dollars (insentive) for any student that finds 1 of 3 things, mermaids purse, mermaids toenail, or mermaids neclace.
- Can't see but I hear, ""how do you use this?"" ""Put your eye right here""- using instrument to magnify fish
- Student: "" It's at the beginning of the lifecycle becasue no fins""  Teacher agrees with students observation
- Student: ""I think they're tadpols"" Teachers does not give answer but says could be look at a guide 
Code: Asking
- Students compare findings to see if they have the same organism
- Students observe fish in a magnifying tool. Code: Observe
- Teacher explains what the 'mermaids necklace' is
Code: I disagree with ""generate""",,
9,Providence - Explore the Bay,2015-07-15,1,1,0,0,0,1,1,2,"- In classroom Student asks ""how much does it pay?""- not sure what in refernce to $10/question
- Students get paid based off of how many questions they ask
- Will use notebooks/journals to record notes during video and collect data from research conducted on computers
- Students will owe teacher $$ if not on task/following directions
- Video takes place downtown- local information that students can relate to 
- Students watch video for 4 minutes- teacher talks about what is going on in the video, and asks students to reason through a series of events from what occured in the past to what is happening now Code: Asking
Code: Disagree with ""Communicate""",KS,
9,Providence - Explore the Bay,2015-07-15,2,1,1,0,0,1,1,3,"- In classroom writing down questions to research and find answers to Student: This is hard I can't find answers, Teacher: Try re-wording them, that's what I do... research is hard sometimes you have to dig a little deeper
- Tomorrow at the field trip they will find more answers to their questions
- Teacher: What do you think happens from first to second stage in treatment? based off the fact they know the stinky smells goes away student: its getting cleaner 
- Students share their research findings Code: Communicate
- Teaher talks about reliable sources, based off of the wording in a statement students found on Google :)
- Student: ""how come we can swim in pools with chlorine?"" Teacher: ""It's not large amounts and do you see algae in pools?"" Code: Asking
Code: Disagree with ""Observe""",KS,
9,Providence - Explore the Bay,2015-07-15,3,0,0,0,1,0,1,1,"- Students playing a non science related name game
- Students instructed to gather materials
- Towards the end of the video, the teacher helped collect dirt and some grass in a mason jar
Code: 0",KS,
9,Providence - Explore the Bay,2015-07-15,4,1,0,0,1,1,1,3,"- Students in classroom
- Students have bottom half of pop bottle and teacher instructs them that the filter has to stand by itself, i think they will use the dirt collected outside mixed with water to show how filtering works Code: Model
- Some students changed their design, teachers questions them as to why they made this choice
- Student- we need stronger materials... teacher maybe you should buy some (students use money earned to purchase materials... :) Code: Asking
- Students present their filter design to the class and explain why they designed it the way they did, Goal- trying to get the cleanest water Code: Communication
- Adults judge the filters for how well they worked Code: Generate?",KS,
9,Providence - Explore the Bay,2015-07-16,1,1,1,1,0,0,1,3,"-Walking towards wind turbines- Teacher explains the flicker effect to small group of students
- In a group one of the treatment plant workers (I think) explains where they will be going and what to expect to see
- Go over safety and explain what they will observe once they get to the tank
- Teacher: Why do you think it smells worse when it's hotter? Student: (I think) because it's poop
- Students: asking so many questions- why is the poop different colors, what are the black things for (collecting bacteria), how deep is it, etc. Code: Asking
- Facility worker explains why things are added to the water
- They were instructed to get a good look at the color of the water in order to compare it to the next Code: Observe
Code: Disagree with ""Generate""",KS,
9,Providence - Explore the Bay,2015-07-16,2,1,0,0,0,1,1,2,"- Teachers talking to each other on the way to another part of the treatment plant- It's good for them to know where it goes and the next steps, intead of just flushing the toilet and boom it's gone
- Student- why'd you pick this place... teacher- What would happen if we didnt? Gets students thinking through their questions on their own. Coding: Asking
- Facility worker explains that it goes to a river after treatment not drinking water (although some states do that)
Code: Disagree with ""Communicate""",KS,
9,Providence - Explore the Bay,2015-07-16,3,1,1,0,0,1,1,3,"- In a room asking what happened in 1972 ""Clean Water Act"", ""Marine Mammal Protection Act""- people were not properly treating water 
- Students list the marine mammals they know of, and explain what is required to be a mammal they also ask questions Code: Asking
- Signal- Students: NOOOOOO, is this the last one? I wish it was the last one!
- A model harbor seal (stuffed animal) is being shown, to explain the increase in population from the 70's to now
Code: Observe",KS,
9,Providence - Explore the Bay,2015-07-16,4,1,1,0,1,1,1,4,"- Teacher showing the seal's organs and asking students to explain what they are
- Opens up seal stomach to show what it eats asks for students input, pulls out a plastics bag makes up and down motion to mimic a jelly fish, seal is fooled Code: Model
- Feels full all the time b/c of plastic bag- stops eating
- baby model, student- it looks different! Code: Observe
Code: Disagree with ""Communication"" and ""Asking""",KS,
9,Providence - Explore the Bay,2015-07-22,1,1,1,1,1,1,1,5,"- In classroom: Students counting how many peices of plastic they have and recording info gathered 
- Counts plastic they throw away into the trash.. COOL! Code: Observe
- Teachers ask why they chose to do the math a ceratin way Code: Generate
Code: Disagree with ""Asking"" & "" Model"" & ""Communicate""
",KS,
9,Providence - Explore the Bay,2015-07-22,2,0,0,0,1,1,1,2,"- In classroom making plastic ornaments to raise awareness on how much plastic waste is thrown away
- This will raise awareness but it's not necessarily used to model data... unless they go back and count the waste and compare to a previous time point or other classrooms 
Code: disagree with both ""model"" and ""communicate""
",KS,
9,Providence - Explore the Bay,2015-07-22,3,0,0,0,0,0,0,0,- In the classroom explaining the set up of the models students will soon create. ,,
9,Providence - Explore the Bay,2015-07-22,4,1,1,0,1,1,1,4,"- Building models (maybe to model run off from teh city down a slope and into the environment) Code: Model
-  Trying to figure out where to place components of their model Code: Asking
- Students discuss how to make their model and the best position to place the river, city etc. Code: Communicate
Code: Disagree with observations, they have not yet obsereved what happens with the run off in their model",KS,
9,Providence - Explore the Bay,2015-07-23,1,0,0,0,1,1,1,2,"- Looking at a map in class, discussing water sheds and how states have to work together Code: Observe
- Making a model that include m&m's (maybe something with how the dye reacts with the water) Code: Model
Code: Disagree with ""communicate"", no one is explaining the model
",KS,
9,Providence - Explore the Bay,2015-07-23,2,1,0,1,1,1,1,4,"- In the class listing to a story aboout chemicals we use and how they work their way into the environment (teacher)
- Students look at models and how it is changing- also writes them down. Code: Observe
-""If I drink this would I die?""  Code: Asking
- Students continue to work with the poluted water model. Code: Model
- Students discuss the observations they are making. Code: Communicate",KS,
9,Providence - Explore the Bay,2015-07-23,3,1,0,1,1,1,1,4,"- Talking about politics and science and how money tends to dictate what happens Code: Asking
- Students take a long break and tehn eat a snack.
Disagree: ""generate"", ""observe"", ""model""",KS,
9,Providence - Explore the Bay,2015-07-23,4,0,0,0,0,0,0,0,,,
9,Providence - Explore the Bay,2015-07-29,1,0,0,0,0,0,0,0,,,
9,Providence - Explore the Bay,2015-07-29,2,0,0,0,1,1,1,2,"- Students are building a model of somthing using marshmellows &7 toothpicks Code: communicate + model
- I think they are  building bridges",KS,
9,Providence - Explore the Bay,2015-07-29,3,0,0,0,0,0,0,0,,,
9,Providence - Explore the Bay,2015-07-29,4,0,0,0,0,0,0,0,,,
,,,,,,,,,,,,,
,,,,,,,,,,,,,
,, ,,,,,,,,,,,